Item,Internal Cod,Cod Vend,Description,Quantity,UM,Unit Price,Net Amount
10,114214,800897190507,BORN TO GLOW FOUNDATION-CARAMEL,144.00,PC,0.01,1.44
20,114217,800897190453,BORN TO GLOW FOUNDATION-CLASSIC TAN,144.00,PC,0.01,1.44
30,114227,800897190484,BORN TO GLOW FOUNDATION-GOLDEN,216.00,PC,0.01,2.16
40,114230,800897190323,BORN TO GLOW FOUNDATION-LIGHT IVORY,60.00,PC,0.01,0.60
50,114231,800897190286,BORN TO GLOW FOUNDATION-LIGHT PORCELAIN,30.00,PC,0.01,0.30
60,114234,800897190408,BORN TO GLOW FOUNDATION-MED OLIVE,216.00,PC,4.00,864.00
70,114235,,BORN TO GLOW FOUNDATION-MOCHA,30.00,PC,0.00,0.00
80,114236,800897190378,BORN TO GLOW FOUNDATION-NATURAL,216.00,PC,4.00,864.00
90,114238,800897190477,BORN TO GLOW FOUNDATION-NEUTRAL TAN,216.00,PC,0.01,2.16
100,114239,800897190361,BORN TO GLOW FOUNDATION-NUDE,30.00,PC,0.01,0.30
110,114242,800897190316,BORN TO GLOW FOUNDATION-PORCELAIN,15.00,PC,0.01,0.15
120,114243,800897190385,BORN TO GLOW FOUNDATION-SOFT BEIGE,216.00,PC,4.00,864.00
130,114246,800897190347,BORN TO GLOW FOUNDATION-VANILLA,216.00,PC,4.00,864.00
140,110966,800897157289,CANT STOP WONT STOP 24HR F-BEIGE,30.00,PC,6.00,180.00
150,110967,800897157272,CANT STOP WONT STOP 24HR F-BUFF,30.00,PC,6.00,180.00
160,110968,800897157296,CANT STOP WONT STOP 24HR F-CAMEL,30.00,PC,6.00,180.00
170,110969,800897157537,CANT STOP WONT STOP 24HR F-CAPPUCINO,30.00,PC,6.00,180.00
180,110970,800897157326,CANT STOP WONT STOP 24HR F-CARAMEL,30.00,PC,6.00,180.00
190,110977,800897181192,CANT STOP WONT STOP 24HR FDTN-ALMND,144.00,PC,6.00,864.00
200,110979,800897181093,CANT STOP WONT STOP 24HR FDTN-CL TN,360.00,PC,6.00,"2,160.00"
210,110984,800897181215,CANT STOP WONT STOP 24HR FDTN-HONEY,144.00,PC,6.00,864.00
220,110989,800897181171,CANT STOP WONT STOP 24HR FDTN-NT BF,288.00,PC,6.00,"1,728.00"
230,110990,800897181185,CANT STOP WONT STOP 24HR FDTN-NT TN,288.00,PC,6.00,"1,728.00"
240,110992,800897181206,CANT STOP WONT STOP 24HR FDTN-WR CR,60.00,PC,6.00,360.00
250,110995,800897181154,CANT STOP WONT STOP 24HR FDTN-WM VN,60.00,PC,6.00,360.00
260,110998,800897157320,CANT STOP WONT STOP 24HR F-GOLDEN,60.00,PC,6.00,360.00
270,119046,800897206949,TOTL CONTRL PRO DRP FDN CAMEL,30.00,PC,0.01,0.30
280,119049,800897206932,TOTL CONTRL PRO DRP FDN CLASSIC TAN,30.00,PC,0.01,0.30
290,119050,,TOTL CONTRL PRO DRP FDN COCOA,30.00,PC,0.00,0.00
300,119054,800897206863,TOTL CONTRL PRO DRP FDN GOLDEN HONEY,30.00,PC,0.01,0.30
310,119055,800897206840,TOTL CONTRL PRO DRP FDN LIGHT,30.00,PC,0.01,0.30
320,119057,,TOTL CONTRL PRO DRP FDN MED OLIVE,30.00,PC,0.00,0.00
330,119059,,TOTL CONTRL PRO DRP FDN NATURAL,30.00,PC,0.00,0.00
340,119063,,TOTL CONTRL PRO DRP FDN SOFT BEIGE,30.00,PC,0.00,0.00
350,119064,,TOTL CONTRL PRO DRP FDN VANILLA,30.00,PC,0.00,0.00
360,109055,K4373901,FIRST BASE PRMR SPRAY,30.00,PC,3.20,96.00
370,120097,,HYDRA TOUCH PRIMER MINI,15.00,PC,0.00,0.00
380,117194,800897005078,MARSH MELLOW PRIMER 01,144.00,PC,6.80,979.20
390,118304,800897129965,PLUM RGHT BCK PLUMP SERM N PRMR 01,288.00,PC,6.80,"1,958.40"
400,118307,800897132927,PLUM RGHT BK PRM SRM N PRMR 01M,144.00,PC,3.20,460.80
410,117194,800897005078,MARSH MELLOW PRIMER 01,30.00,PC,6.80,204.00
420,113542,800897183691,CANT STOP SETTING POWDER LIGHT,72.00,PC,4.80,345.60
430,113543,800897183707,CANT STOP SETTING POWDER LIGHT MED,144.00,PC,4.80,691.20
440,113544,800897183714,CANT STOP SETTING POWDER MEDIUM,144.00,PC,0.01,1.44
450,117559,800897004262,CSWS MATTIFYING PWDR CARAMEL,288.00,PC,3.80,"1,094.40"
460,117557,800897004248,CSWS MATTIFYING PWDR GOLDEN,360.00,PC,3.80,"1,368.00"
470,117558,800897004255,CSWS MATTIFYING PWDR TAN,360.00,PC,3.80,"1,368.00"
480,109271,800897834676,HI DEF FNSNG PWDR - BANANA,30.00,PC,4.80,144.00
490,109272,800897834685,HI DEF FNSNG PWDR - MINT GREEN,30.00,PC,4.80,144.00
660,114255,800897191955,SWEET CHEEKS BLUSH GLOWY-BANG BANG,216.00,PC,3.00,648.00
670,114257,800897191948,SWEET CHEEKS BLUSH GLOWY-CITRINE,216.00,PC,0.01,2.16
680,114258,800897192396,SWEET CHEEKS BLUSH GLOWY-DAY CREM,144.00,PC,3.00,432.00
690,114259,800897191924,SWEET CHEEKS BLUSH GLOWY-FIG,216.00,PC,3.00,648.00
700,114260,800897191931,SWEET CHEEKS BLUSH GLOWY-RED RIOT,216.00,PC,3.00,648.00
710,114264,800897192372,SWEET CHEEKS BLUSH GLOWY-SUMMER,72.00,PC,3.00,216.00
720,114267,800897191832,SWEET CHEEKS BLUSH MATTE-BANG BANG,216.00,PC,3.00,648.00
730,114269,800897191825,SWEET CHEEKS BLUSH MATTE-CITRINE,216.00,PC,3.00,648.00
740,114270,800897192327,SWEET CHEEKS BLUSH MATTE-DAY CREM,216.00,PC,3.00,648.00
1170,113504,800897168605,CANT STOP CONCEALER SOFT BEIGE,72.00,PC,3.80,273.60
1180,113502,800897168582,CANT STOP CONCEALER VAINILLA,72.00,PC,3.80,273.60
1190,113498,800897168698,CANT STOP CONCEALER WARM CARAMEL,144.00,PC,3.80,547.20
1200,113491,800897168704,CANT STOP CONCEALER WARM HPNEY,144.00,PC,3.80,547.20
1210,108930,800897051624,CONCEALER WAND - ALABASTER,60.00,PC,2.40,144.00
1220,108931,800897123307,CONCEALER WAND - BEIGE,60.00,PC,2.00,120.00
1230,108932,800897051639,CONCEALER WAND - CAPPUCINO,30.00,PC,2.00,60.00
1240,108939,800897123284,CONCEALER WAND - FAIR,60.00,PC,2.40,144.00
1250,108940,800897051655,CONCEALER WAND - FRESH BEIGE,60.00,PC,2.00,120.00
1260,108941,800897123321,CONCEALER WAND - GLOW,60.00,PC,2.00,120.00
1270,108942,800897051662,CONCEALER WAND - GOLDEN,60.00,PC,2.00,120.00
1280,108943,800897123338,CONCEALER WAND - GREEN,21.00,PC,2.40,50.40
1290,108944,800897123376,CONCEALER WAND - LAVENDER,21.00,PC,2.40,50.40
1300,108949,800897123277,CONCEALER WAND - PORCELAIN,30.00,PC,2.40,72.00
1310,108950,800897051648,CONCEALER WAND - SAND BEIGE,60.00,PC,2.00,120.00
1320,108951,800897123338,CONCEALER WAND - TAN,60.00,PC,2.40,144.00
1330,108952,800897123369,CONCEALER WAND - YELLOW,30.00,PC,2.40,72.00
1340,120833,,CONCEALER CORRECTOR STICK- NATURAL,60.00,PC,0.00,0.00
1350,120830,,CONCEALER CORRECTOR STICK- NEUTRAL TAN,60.00,PC,0.00,0.00
1360,118991,800897202392,FILLER INSTINCT PLUMP LIP COLOR JUICY PO,30.00,PC,3.20,96.00
1370,118993,800897202422,FILLER INSTINCT PLUMP LIP COLOR SUGAR PI,30.00,PC,3.20,96.00
1380,114290,800897183899,LIP LINGERIE PUSH UP-PUSH UP,30.00,PC,3.80,114.00
1390,117512,800897004057,LIP LINGERIE XXL BUST ED,60.00,PC,4.00,240.00
1400,117502,800897003951,LIP LINGERIE XXL FLAUNT IT,30.00,PC,4.00,120.00
1410,118311,800897132156,LIP LINGERIE XXL ON FUEGO,30.00,PC,4.00,120.00
1420,117520,800897004132,LIP LINGERIE XXL SIZZLIN,30.00,PC,4.00,120.00
1430,117519,800897004125,LIP LINGERIE XXL STAMINA,30.00,PC,4.00,120.00
1440,118412,800897132187,LIP LINGERIE XXL UNTAMABLE,60.00,PC,4.00,240.00
1450,110142,800897148300,POWDER PUFF LIPPIE - BEST BUDS,15.00,PC,3.60,54.00
1460,110137,800897140247,POWDER PUFF LIPPIE - GROUP LOVE,60.00,PC,3.60,216.00
1470,110141,800897148294,POWDER PUFF LIPPIE - MOODY,15.00,PC,3.60,54.00
1480,110140,800897140557,POWDER PUFF LIPPIE - POP QUIZ,15.00,PC,3.60,54.00
1490,110136,800897140410,POWDER PUFF LIPPIE - PUPPY LOVE,15.00,PC,3.60,54.00
1500,110138,800897140434,POWDER PUFF LIPPIE - SQUAD GOALS,15.00,PC,3.60,54.00
1510,113399,800897182304,POWDER PUFF LIPPIE BOYS TEARS,15.00,PC,3.60,54.00
1520,110135,800897140403,POWDER PUFF LIPPIE-COOL INTENTIONS,15.00,PC,3.60,54.00
1530,113395,800897182267,POWDER PUFF LIPPIE PRANK CALL,15.00,PC,3.60,54.00
1540,113396,800897182274,POWDER PUFF LIPPIE TEACHERS PET,15.00,PC,3.60,54.00
1550,110441,800897142902,SFT MATTE LP CRM - ABU DHABI,60.00,PC,2.80,168.00
1560,110443,800897142827,SFT MATTE LP CRM - AMSTERDAM,60.00,PC,2.80,168.00
1570,110445,800897829933,SFT MATTE LP CRM - ATHENS,60.00,PC,2.80,168.00
1580,110447,800897848934,SFT MATTE LP CRM - BERLIN,60.00,PC,2.80,168.00
1590,110448,800897848958,SFT MATTE LP CRM - BUDAPEST,60.0,PC,2.8,168.0
1600,110452,800897829971,SFT MATTE LP CRM - CANNES,60.0,PC,2.8,168.0
1610,110454,800897829988,SFT MATTE LP CRM - COPENHAGEN,60.0,PC,2.8,168.0
1620,110459,800897142872,SFT MATTE LP CRM - ISTANBUL,60.0,PC,2.8,168.0
1630,110461,8289200,SFT MATTE LP CRM - LEON,60.0,PC,2.6,156.0
1640,110462,800897142858,SFT MATTE LP CRM - LONDON,60.0,PC,2.8,168.0
1650,110463,8239800,SFT MATTE LP CRM - LOS ANGELES,60.0,PC,2.6,156.0
1660,110464,800897848972,SFT MATTE LP CRM - MADRID,60.0,PC,2.8,168.0
1670,110466,800897142926,SFT MATTE LP CRM - MILAN,30.0,PC,2.8,84.0
1680,110467,800897142919,SFT MATTE LP CRM - MONTE CARLO,30.0,PC,2.8,84.0
1690,110468,8289200,SFT MATTE LP CRM - MONTREAL,60.0,PC,2.6,156.0
1700,110472,800897829964,SFT MATTE LP CRM - PRAGUE,60.0,PC,2.8,168.0
1710,110473,800897849023,SFT MATTE LP CRM - ROME,30.0,PC,2.8,84.0
1720,110480,800897142834,SFT MATTE LP CRM - STOCKHOLM,30.0,PC,2.6,78.0
1730,110483,8234000,SFT MATTE LP CRM - TOULOUSE,60.0,PC,2.6,156.0
1740,110486,800897829926,SFT MATTE LP CRM - ZURICH,30.0,PC,2.6,78.0
1750,117213,800897207243,SHINE LOUD PRO PGMNT LIP SHINE BOUN,30.0,PC,4.8,144.0
1760,117226,800897207373,SHINE LOUD PRO PGMNT LIP SHINE NEVE,30.0,PC,4.8,144.0
1770,117225,800897207366,SHINE LOUD PRO PGMNT LIP SHINE ON A,30.0,PC,4.8,144.0
1780,117215,800897207267,SHINE LOUD PRO PGMNT LIP SHINE OVER,30.0,PC,4.8,144.0
1790,117224,800897207359,SHINE LOUD PRO PGMNT LIP SHINE REBE,30.0,PC,4.8,144.0
1800,117841,800897217860,SHINE LOUD PRO PGMNT LP SHN DARING,30.0,PC,4.8,144.0
1810,117209,800897207205,SHINE LOUD PRO PGMNT LIP SHINE GOAL,30.0,PC,4.8,144.0
1820,115341,0,SHOUT LOUD LIPSTICK 1999,30.0,PC,0.0,0.0
1830,115316,0,SHOUT LOUD LIPSTICK 21ST,30.0,PC,0.0,0.0
1840,115326,800897198183,SHOUT LOUD LIPSTICK CACTUS DREAMS,30.0,PC,3.4,102.0
1850,115309,800897198084,SHOUT LOUD LIPSTICK CHIC,60.0,PC,3.4,204.0
1860,115318,0,SHOUT LOUD LIPSTICK DAY CLUB,30.0,PC,0.0,0.0
1870,115332,800897198213,SHOUT LOUD LIPSTICK EVERYONE LIES,30.0,PC,3.4,102.0
1880,115337,0,SHOUT LOUD LIPSTICK INTO THE NIGHT,30.0,PC,0.0,0.0
1890,115312,800897198107,SHOUT LOUD LIPSTICK LOVE IS A DRUG,60.0,PC,3.4,204.0
1900,115322,800897198176,SHOUT LOUD LIPSTICK THE BEST,30.0,PC,3.4,102.0
1910,115335,0,SHOUT LOUD LIPSTICK WIFE GOALS,30.0,PC,0.0,0.0
1920,119622,800897136086,SMOOTH WHP MATTE LP CRM CHERRY CRM,60.0,PC,3.2,192.0
1930,119623,800897136116,SMOOTH WHP MATTE LP CRM VELVET ROBE,30.0,PC,3.2,96.0
1940,119619,800897131197,SMOOTH WHP MATTE LP CRM BDAY FROSTI,30.0,PC,3.2,96.0
1950,119615,800897233730,SMOOTH WHP MATTE LP CRM BLANKIE,30.0,PC,3.2,96.0
1960,119617,800897131098,SMOOTH WHP MATTE LP CRM FAUX FUR,30.0,PC,3.2,96.0
1970,119618,800897131135,SMOOTH WHP MATTE LP CRM FUZZY SLIPP,30.0,PC,3.2,96.0
1980,119613,800897131050,SMOOTH WHP MATTE LP CRM KTTY BELLY,30.0,PC,3.2,96.0
1990,119614,800897131067,SMOOTH WHP MATTE LP CRM LATTE FOAM,60.0,PC,3.2,192.0
2000,119220,800897233785,SMOOTH WHP MATTE LP CRM MEMORY FOAM,30.0,PC,3.2,96.0
2010,119222,800897130895,SMOOTH WHP MATTE LP CRM PANCAKE STA,30.00,PC,3.20,96.00
2020,119616,800897131081,SMOOTH WHP MATTE LP CRM PARFAIT,60.00,PC,3.20,192.00
2030,119620,800897131203,SMOOTH WHP MATTE LP CRM PILLOW FIGH,30.00,PC,3.20,96.00
2040,119223,800897233273,SMOOTH WHP MATTE LP CRM POM POM,30.00,PC,3.20,96.00
2050,119615,800897131074,SMOOTH WHP MATTE LP CRM TEDDY FLUFF,60.00,PC,3.20,192.00
2060,110326,K3007200,SUEDE MATTE LIPSTICK SHADE 22,30.00,PC,3.20,96.00
2070,110309,K3005500,SUEDE MATTE LIPSTICK SHADE 05,30.00,PC,3.20,96.00
2080,114295,800897192150,SUEDE MATTE LIPSTICK-CHERRY SKIES,30.00,PC,3.20,96.00
2090,110311,K3005700,SUEDE MATTE LIPSTICK SHADE 07,30.00,PC,3.20,96.00
2100,110314,K3006000,SUEDE MATTE LIPSTICK SHADE 10,30.00,PC,3.20,96.00
2110,110310,K3005600,SUEDE MATTE LIPSTICK SHADE 06,60.00,PC,3.20,192.00
2120,110318,K3006400,SUEDE MATTE LIPSTICK SHADE 14,60.00,PC,3.20,192.00
2130,110315,K3006100,SUEDE MATTE LIPSTICK SHADE 11,30.00,PC,3.20,96.00
2140,108471,800897818494,BUTR GLOSS - CREME BRULEE,30.00,PC,2.00,60.00
2150,108743,800897828431,BUTR GLOSS - DEVILS FOOD CAKE,60.00,PC,2.00,120.00
2160,108748,800897818586,BUTR GLOSS - MADELEINE,30.00,PC,2.40,72.00
2170,108755,800897828370,BUTR GLOSS - PRALINE,144.00,PC,2.40,345.60
2180,108758,800897828417,BUTR GLOSS - RED VELVET,60.00,PC,2.40,144.00
2190,108760,800897847708,BUTR GLOSS - STRAWBERRY CHEESECAKE,60.00,PC,2.40,144.00
2200,118320,800897226596,BUTTER LIP GLOSS 54,144.00,PC,2.40,345.60
2210,115169,800897197797,BUTTER LIP GLOSS BIT OF HONEY 35,60.00,PC,2.40,144.00
2220,115174,800897197834,BUTTER LIP GLOSS ROCKY ROAD 39,30.00,PC,2.40,72.00
2230,115170,800897197803,BUTTER LIP GLOSS SORBET 36,30.00,PC,2.40,72.00
2240,115173,800897197827,BUTTER LIP GLOSS SUMMER FRUIT 38,30.00,PC,2.40,72.00
2250,121409,,FAT OIL LIP DRIP CHILLIN LIKE A VIL,72.00,PC,0.00,0.00
2260,121414,,FAT OIL LIP DRIP INSIDE SCOOP,72.00,PC,0.00,0.00
2270,121411,,FAT OIL LIP DRIP LIVIN THE CREAM,72.00,PC,0.00,0.00
2280,121408,,FAT OIL LIP DRIP LOSIN CONETROL,72.00,PC,0.00,0.00
2290,121410,,FAT OIL LIP DRIP SPLASH OF CREAM,72.00,PC,0.00,0.00
2300,121412,,FAT OIL LIP DRIP SPRINKLE SPRINKLE,72.00,PC,0.00,0.00
2310,113373,800897182625,FILLER INSTINCT LIP BRUNCH DRUNK,30.00,PC,2.80,84.00
2320,113375,800897182649,FILLER INSTINCT LIP CHEAP FILLS,30.00,PC,2.80,84.00
2330,113372,800897182618,FILLER INSTINCT LIP LEST GLAZE,30.00,PC,2.80,84.00
2340,113377,800897182663,FILLER INSTINCT LIP MAJOR MOUTH,30.00,PC,2.80,84.00
2350,113374,800897182632,FILLER INSTINCT LIP SPARKLING PLEASE,30.00,PC,2.80,84.00
2360,109603,K2885400,LIP LINGERIE GLOSS - CLEAR,144.00,PC,3.00,432.00
2370,120193,,THIS IS JUICE GLOSS POMENGRTN CLOU,60.00,PC,0.00,0.00
2380,120141,,THIS IS JUICE GLOSS COCONUT CHILL,60.00,PC,0.00,0.00
2390,120140,,THIS IS JUICE GLOSS WATRMLN SUGA,60.00,PC,0.00,0.00
2400,118736,800897225223,THIS IS MILKY GLOSS CHERRY MLK SHK,30.00,PC,3.40,102.00
2410,118734,800897225247,THIS IS MILKY GLOSS MINT CHOC CHIP,30.00,PC,3.40,102.00
2420,118740,800897225186,THIS IS MILKY GLOSS MIXED BERRY SHK,30.00,PC,3.40,102.00
2430,118738,800897225209,THIS IS MILKY GLOSS UBE MILKSHAKE,30.00,PC,3.40,102.00
2440,114206,800897184674,ON THE RISE VOLUME LIFTSCARA-BLACK,144.00,PC,4.80,691.20
2450,113433,GLITTER GOALS CREAM PRO PELETTE 01,GLITTER GOALS CREAM PRO PELETTE 01,30.00,PC,0.00,0.00
2460,110865,K2144701,ULTI SHDW PAL - SMOKEY & HGHLGHT,15.00,PC,7.20,108.00
2470,110866,800897017644,ULTI SHDW PAL - WARM NEUTRALS,30.00,PC,0.01,0.30
2480,120084,ULTIMATE SHAD PAL 16-PAN WARM NEUTR,ULTIMATE SHAD PAL 16-PAN WARM NEUTR,15.00,PC,0.00,0.00
2490,116487,ULTIMATE SHADOW PALETTE UTOPIA 01,ULTIMATE SHADOW PALETTE UTOPIA 01,15.00,PC,0.00,0.00
2500,110897,800897832162,EPIC BLACK MOUSSE LNR,216.00,PC,0.01,2.16
2510,109007,800897085605,EPIC INK LNR - BLACK,216.00,PC,3.20,691.20
2520,119644,800897216801,EPIC SMKE ANGLD LNR N BLNDR MAUVE G,30.00,PC,4.80,144.00
2530,119645,800897216887,EPIC SMKE ANGLD LNR N BLNDR MOCHA M,30.00,PC,4.80,144.00
2540,117497,800897051211,EPIC WEAR LINER STICKS BROWN SHIMME,30.00,PC,4.00,120.00
2550,117498,800897051280,EPIC WEAR LINER STICKS BURNT SIENNA,30.00,PC,4.00,120.00
2560,116461,800897207441,EPIC WEAR LINER STICKS GOLD PLATED,30.00,PC,3.60,108.00
2570,115523,800897197148,EPIC WEAR SEMI - PERM LQD LNR BLACK,60.00,PC,4.40,264.00
2580,115260,800897197155,EPIC WEAR SEMI - PERM LQD LNR BROWN,60.00,PC,4.40,264.00
2590,115264,800897197193,EPIC WEAR SEMI - PERM LQD LNR LILAC,60.00,PC,4.40,264.00
2600,115266,800897197209,EPIC WEAR SEMI - PERM LQD LNR RED,60.00,PC,4.40,264.00
2610,115263,800897197186,EPIC WEAR SEMI - PERM LQD LNR SAPPH,60.00,PC,4.00,240.00
2620,115261,800897197162,EPIC WEAR SEMI - PERM LQD LNR STONE,60.00,PC,4.40,264.00
2630,115262,800897197179,EPIC WEAR SEMI - PERM LQD LNR WHITE,60.00,PC,4.40,264.00
2640,109099,800897143268,MECHANICAL PNCL EYE - BLACK,216.00,PC,2.60,561.60
2650,109100,800897143398,MECHANICAL PNCL EYE - BRONZE,60.00,PC,2.60,156.00
2660,109111,800897143282,MECHANICAL PNCL EYE - BROWN,216.00,PC,2.60,561.60
2670,109912,800897143411,MECHANICAL PNCL EYE - DEEP PURPLE,60.00,PC,2.00,120.00
2680,109913,800897143305,MECHANICAL PNCL EYE - GOLD,60.00,PC,2.60,156.00
2690,109914,800897143404,MECHANICAL PNCL EYE - GOLDEN OLIV,60.00,PC,2.60,156.00
2700,109915,800897143433,MECHANICAL PNCL EYE - GRAY,60.00,PC,2.00,120.00
2710,109921,800897143428,MECHANICAL PNCL EYE - GYPSY BLUE,60.00,PC,2.60,156.00
2720,109916,800897143350,MECHANICAL PNCL EYE - PURPLE,60.00,PC,2.60,156.00
2730,109917,800897143299,MECHANICAL PNCL EYE - SILVER,60.00,PC,2.00,120.00
2740,109918,800897143251,MECHANICAL PNCL EYE - WHITE,30.00,PC,2.60,78.00
2750,109919,800897143381,MECHANICAL PNCL EYE DEEP BLUE,144.00,PC,2.60,374.40
2760,109920,800897143275,MECHANICAL PNCL EYE-AQUA GREEN,216.00,PC,2.60,561.60
2770,110639,800897109134,SLIM EYE PNCL - SAPPHIRE,72.00,PC,2.00,144.00
2780,110646,800897126308,SLIM EYE PNCL - VELVET,30.00,PC,1.60,48.00
2790,110335,800897138503,SUPER FAT EYE MRKR-CARBON BLK,30.00,PC,4.40,132.00
2800,110708,800897138523,SUPER SKINNY EYE MRKR - CARBN BLK,30.00,PC,4.40,132.00
2810,119276,800897233877,VIVID MATTE LIQUID LINERS WHITE,30.00,PC,0.01,0.30
2820,108850,800897284884,CONTROL FREAK EYE BROW GEL - CLR,72.00,PC,2.40,172.80
2830,108994,800897831856,EYEBROW GEL - BLACK,60.00,PC,0.01,0.60
2840,108990,K4158702,EYEBROW GEL - BLONDE,60.00,PC,2.80,168.00
3270,110610,800897081072,STRIPPED OFF CLNSR - MICELL WTR,144.00,PC,2.80,403.20
3280,108831,K2821700,BORN TO GLOW HIGHLIGHTING PALETTE,60.00,PC,10.00,600.00
3290,118717,800897100070,WONDR STCK DUAL FACE LIFT DEEP,60.00,PC,5.60,336.00
3300,118723,800897100018,WONDR STCK DUAL FACE LIFT FAIR,30.00,PC,5.60,168.00
3310,118718,800897100063,WONDR STCK DUAL FACE LIFT RICH,30.00,PC,5.60,168.00
3320,118721,800897100032,WONDR STCK DUAL FACE LIFT LT MEDIUM,30.00,PC,5.60,168.00
3330,118719,800897100056,WONDR STCK DUAL FACE LIFT MED TAN,60.00,PC,5.60,336.00
3340,118720,800897100049,WONDR STCK DUAL FACE LIFT MEDIUM,60.00,PC,5.60,336.00
3350,118722,800897100025,WONDR STCK DUAL FACE LIFT UNVRSL LT,30.00,PC,5.60,168.00
3360,108654,800897098353,3 STEPS TO SCULPT - DEEP,30.00,PC,0.01,0.30
3370,108651,800897098322,3 STEPS TO SCULPT - FAIR,15.00,PC,4.80,72.00
3380,108652,800897098339,3 STEPS TO SCULPT - LIGHT,30.00,PC,4.80,144.00
3390,108653,800897098346,3 STEPS TO SCULPT - MEDIUM,30.00,PC,4.80,144.00
3400,113460,800897182342,BARE WITH ME PRIME SET SPRAY 01,144.00,PC,4.00,576.00
3410,120100,,MAKEUP SETTING SPRAY MAXI DEWY,144.00,PC,0.00,0.00
3420,116450,800897206666,MAKEUP SETTING SPRAY MATTE MAXI,144.00,PC,8.80,"1,267.20"
3430,115925,800897198046,MAKEUP SETTING SPRAY RADIANT,144.00,PC,4.00,576.00
3440,109957,800897137277,MKUP SETTING SPRAY - DEWY,30.00,PC,4.00,120.00
3450,109956,800897183170,MKUP SETTING SPRAY - MATTE,144.00,PC,4.00,576.00
3460,118306,800897129972,PLUM FINISH SETTING SPRAY 04,144.00,PC,3.80,547.20
3470,118308,800897130350,PLUM FINISH SETTING SPRAY MINI 04M,144.00,PC,2.00,288.00
3480,109923,800897143596,MECHANICAL PNCL LP - COCOA,60.00,PC,2.00,120.00
3490,109924,800897143541,MECHANICAL PNCL LP - DARK RED,60.00,PC,2.00,120.00
3500,109925,800897282325,MECHANICAL PNCL LP - HOT PINK,60.00,PC,2.00,120.00
3510,109927,800897143435,MECHANICAL PNCL LP - NATURAL,60.00,PC,2.00,120.00
3520,109928,800897143442,MECHANICAL PNCL LP - NECTAR,60.00,PC,2.00,120.00
3530,109929,800897143527,MECHANICAL PNCL LP - NUDE,60.00,PC,2.00,120.00
3540,109930,800897143480,MECHANICAL PNCL LP - NUDE PINK,60.00,PC,2.00,120.00
3550,109932,800897828356,MECHANICAL PNCL LP - PINKY BEIGE,60.00,PC,2.00,120.00
3560,109933,800897143589,MECHANICAL PNCL LP - PLUM,60.00,PC,2.00,120.00
3570,109935,800897143534,MECHANICAL PNCL LP - RED,60.00,PC,2.00,120.00
3580,109936,800897143510,MECHANICAL PNCL LP - RUBY,60.00,PC,2.00,120.00
3590,109937,800897143503,MECHANICAL PNCL LP - SAND BEIGE,60.00,PC,2.00,120.00
3600,109938,800897143473,MECHANICAL PNCL LP - SIENNA,60.00,PC,2.00,120.00
3610,109940,800897143558,MECHANICAL PNCL LP - VANILLA SKY,60.00,PC,2.00,120.00
3620,110650,800897126414,SLIM LP PNCL - BEIGE,60.00,PC,2.00,120.00
3630,110652,800897108366,SLIM LP PNCL - BLOOM,60.00,PC,2.00,120.00
3640,110657,800897108045,SLIM LP PNCL - CABARET,30.00,PC,2.00,60.00
3650,110658,800897108052,SLIM LP PNCL - CAPPUCCINO,60.00,PC,0.01,0.60
3660,110660,800897108076,SLIM LP PNCL - COCOA,60.00,PC,0.01,0.60
3670,110664,K4001800,SLIM LP PNCL - DEEP PURPLE,30.00,PC,1.60,48.00
3680,110669,800897108281,SLIM LP PNCL - EVER,30.00,PC,2.00,60.00
3690,110672,800897108298,SLIM LP PNCL - HOT COCOA,30.00,PC,2.00,60.00
3700,110674,800897108175,SLIM LP PNCL - HOT RED,30.00,PC,2.00,60.00
3710,110675,800897108090,SLIM LP PNCL - MAHOGANY,60.00,PC,2.00,120.00
3720,110676,800897108311,SLIM LP PNCL - MAUVE,30.00,PC,2.00,60.00
3730,110677,800897108106,SLIM LP PNCL - NATURAL,30.00,PC,2.00,60.00
3740,110680,800897139445,SLIM LP PNCL - NUDE PINK,30.00,PC,2.00,60.00
3750,110681,800897139414,SLIM LP PNCL - NUDE TRUFFLE,30.00,PC,2.00,60.00
3760,110685,800897139469,SLIM LP PNCL - PEEKABOO NEUTRAL,30.00,PC,2.00,60.00
3770,110488,800897170448,SUEDE MATTE LIP LNR-BRUNCH ME,30.00,PC,2.00,60.00
3780,110491,K2893000,SUEDE MATTE LIP LNR-CAPE TOWN,30.00,PC,1.60,48.00
3790,110514,K2899400,SUEDE MATTE LIP LNR-SAN FRANCISCO,144.00,PC,1.60,230.40
3800,110524,800897064341,SUEDE MATTE LP LNR - ALIEN,30.00,PC,2.00,60.00
3810,110530,800897064334,SUEDE MATTE LP LNR - CLUB HOPPER,30.00,PC,2.00,60.00
3820,110532,K2287200,SUEDE MATTE LP LNR - FOILED AGAIN,144.00,PC,1.60,230.40
3830,110533,K2287600,SUEDE MATTE LP LNR - FOUL MOUTH,30.00,PC,1.60,48.00
3840,110534,K2287500,SUEDE MATTE LP LNR - JET SET,30.00,PC,1.60,48.00
3850,110535,800897064121,SUEDE MATTE LP LNR - KITTEN HEELS,30.00,PC,2.00,60.00
3860,110537,800897064433,SUEDE MATTE LP LNR - LONDON,30.00,PC,2.00,60.00
3870,110538,800897064402,SUEDE MATTE LP LNR - LOS ANGELES,216.00,PC,1.60,345.60
3880,110542,800897064150,SUEDE MATTE LP LNR - ORANGE COUNTY,30.00,PC,2.00,60.00
3890,110545,800897064259,SUEDE MATTE LP LNR - RUN THE WORLD,30.00,PC,0.01,0.30
3900,110547,800897064174,SUEDE MATTE LP LNR - SANDSTORM,30.00,PC,2.00,60.00
3910,110550,K2285900,SUEDE MATTE LP LNR - STONE FOX,30.00,PC,1.60,48.00
3920,110551,K2284600,SUEDE MATTE LP LNR - SWAY,30.00,PC,1.60,48.00
3930,110552,800897064198,SUEDE MATTE LP LNR - TEA & COOKIES,30.00,PC,2.00,60.00
3940,110554,800897064358,SUEDE MATTE LP LNR - WHIPPED CAVIAR,30.00,PC,0.01,0.30
3950,110555,800897064327,SUEDE MATTE LP LNR -DOWNTOWN BEAUTY,144.00,PC,2.00,288.00
3960,110556,800897064266,SUEDE MATTE LP LNR -LITTLE DENIM DR,144.00,PC,2.00,288.00
3970,110557,K2287100,SUEDE MATTE LP LNR -RESPECT THE PIN,30.00,PC,1.60,48.00
,,,,,,,
